Workbook

Sheet raw_sales_dataset_.csv
A1: Date | B1: Product | C1: Category | D1: Qty | E1: Price | F1: Amount
A2: 46235 | B2: Notebook | C2: Stationery | D2: 10 | E2: 40 | F2: 400
A3: 46235 | B3: Pen Set | C3: Stationery | D3: 15 | E3: 60 | F3: 900
A4: 46235 | B4: Wireless Mouse | C4: Electronics | D4: 3 | E4: 650 | F4: 1950
A5: 46236 | B5: USB Cable | C5: Electronics | D5: 8 | E5: 150 | F5: 1200
A6: 46236 | B6: Notebook | C6: Stationery | D6: 5 | E6: 40 | F6: 200
A7: 46236 | B7: Water Bottle | C7: Home | D7: 4 | E7: 250 | F7: 1000
A8: 46237 | B8: Backpack | C8: Accessories | D8: 2 | E8: 1200 | F8: 2400
A9: 46237 | B9: Pen Set | C9: Stationery | D9: 10 | E9: 60 | F9: 600
A10: 46237 | B10: Wireless Mouse | C10: Electronics | D10: 2 | E10: 650 | F10: 1300 | G10: Stationery
A11: 46238 | B11: Notebook | C11: Stationery | D11: 12 | E11: 40 | F11: 480
A12: 46238 | B12: Table Lamp | C12: Home | D12: 3 | E12: 700 | F12: 2100
A13: 46238 | B13: USB Cable | C13: Electronics | D13: 6 | E13: 150 | F13: 900
A14: 46239 | B14: Backpack | C14: Accessories | D14: 1 | E14: 1200 | F14: 1200
A15: 46239 | B15: Water Bottle | C15: Home | D15: 7 | E15: 250 | F15: 1750
A16: 46239 | B16: Pen Set | C16: Stationery | D16: 8 | E16: 60 | F16: 480
A17: 46240 | B17: Wireless Mouse | C17: Electronics | D17: 4 | E17: 650 | F17: 2600
A18: 46240 | B18: Notebook | C18: Stationery | D18: 9 | E18: 40 | F18: 360
A19: 46240 | B19: Table Lamp | C19: Home | D19: 2 | E19: 700 | F19: 1400
A20: 46241 | B20: USB Cable | C20: Electronics | D20: 10 | E20: 150 | F20: 1500
A21: 46241 | B21: Backpack | C21: Accessories | D21: 3 | E21: 1200 | F21: 3600
A22: 46242 | B22: Water Bottle | C22: Home | D22: 5 | E22: 250 | F22: 1250
... A50: 46255 | B50: Notebook | C50: Stationery | D50: 10 | E50: 40 | F50: 400

Sheet Summary
A1: Date | B1: Daily Total | C1: Weekly Total | D1: Monthly Total | F1: Verification Note
A2: 46235 | B2: =SUMIFS(raw_sales_dataset_.csv!F:F, raw_sales_dataset_.csv!A:A, A2) -> 3250 | C2: =SUMIFS(raw_sales_dataset_.csv!F:F, raw_sales_dataset_.csv!A:A, ">="&A2, raw_sales_dataset_.csv!A:A, "<="&A2+6) -> 26320 | D2: =SUMIFS(raw_sales_dataset_.csv!F:F, raw_sales_dataset_.csv!A:A, ">="&DATE(2026,8,1), raw_sales_dataset_.csv!A:A, "<="&DATE(2026,8,31)) -> 67100 | F2: Manual check: Aug 1 total = 400+900+1950 = 3250 ✓, Monthly total = 67100 ✓ verified.
A3: 46236 | B3: =SUMIFS(raw_sales_dataset_.csv!F:F, raw_sales_dataset_.csv!A:A, A3) -> 2400 | C3: =SUMIFS(raw_sales_dataset_.csv!F:F, raw_sales_dataset_.csv!A:A, ">="&A3, raw_sales_dataset_.csv!A:A, "<="&A3+6) -> 25280 | D3: =SUMIFS(raw_sales_dataset_.csv!F:F, raw_sales_dataset_.csv!A:A, ">="&DATE(2026,8,2), raw_sales_dataset_.csv!A:A, "<="&DATE(2026,8,31)) -> 63850
A4: 46237 | B4: =SUMIFS(raw_sales_dataset_.csv!F:F, raw_sales_dataset_.csv!A:A, A4) -> 4300 | C4: =SUMIFS(raw_sales_dataset_.csv!F:F, raw_sales_dataset_.csv!A:A, ">="&A4, raw_sales_dataset_.csv!A:A, "<="&A4+6) -> 26830 | D4: =SUMIFS(raw_sales_dataset_.csv!F:F, raw_sales_dataset_.csv!A:A, ">="&DATE(2026,8,3), raw_sales_dataset_.csv!A:A, "<="&DATE(2026,8,31)) -> 61450
A5: 46238 | B5: =SUMIFS(raw_sales_dataset_.csv!F:F, raw_sales_dataset_.csv!A:A, A5) -> 3480 | C5: =SUMIFS(raw_sales_dataset_.csv!F:F, raw_sales_dataset_.csv!A:A, ">="&A5, raw_sales_dataset_.csv!A:A, "<="&A5+6) -> 25980 | D5: =SUMIFS(raw_sales_dataset_.csv!F:F, raw_sales_dataset_.csv!A:A, ">="&DATE(2026,8,4), raw_sales_dataset_.csv!A:A, "<="&DATE(2026,8,31)) -> 57150
A6: 46239 | B6: =SUMIFS(raw_sales_dataset_.csv!F:F, raw_sales_dataset_.csv!A:A, A6) -> 3430 | C6: =SUMIFS(raw_sales_dataset_.csv!F:F, raw_sales_dataset_.csv!A:A, ">="&A6, raw_sales_dataset_.csv!A:A, "<="&A6+6) -> 23810 | D6: =SUMIFS(raw_sales_dataset_.csv!F:F, raw_sales_dataset_.csv!A:A, ">="&DATE(2026,8,5), raw_sales_dataset_.csv!A:A, "<="&DATE(2026,8,31)) -> 53670
A7: 46240 | B7: =SUMIFS(raw_sales_dataset_.csv!F:F, raw_sales_dataset_.csv!A:A, A7) -> 4360 | C7: =SUMIFS(raw_sales_dataset_.csv!F:F, raw_sales_dataset_.csv!A:A, ">="&A7, raw_sales_dataset_.csv!A:A, "<="&A7+6) -> 24820 | D7: =SUMIFS(raw_sales_dataset_.csv!F:F, raw_sales_dataset_.csv!A:A, ">="&DATE(2026,8,6), raw_sales_dataset_.csv!A:A, "<="&DATE(2026,8,31)) -> 50240
A8: 46241 | B8: =SUMIFS(raw_sales_dataset_.csv!F:F, raw_sales_dataset_.csv!A:A, A8) -> 5100 | C8: =SUMIFS(raw_sales_dataset_.csv!F:F, raw_sales_dataset_.csv!A:A, ">="&A8, raw_sales_dataset_.csv!A:A, "<="&A8+6) -> 24010 | D8: =SUMIFS(raw_sales_dataset_.csv!F:F, raw_sales_dataset_.csv!A:A, ">="&DATE(2026,8,7), raw_sales_dataset_.csv!A:A, "<="&DATE(2026,8,31)) -> 45880
A9: 46242 | B9: =SUMIFS(raw_sales_dataset_.csv!F:F, raw_sales_dataset_.csv!A:A, A9) -> 2210 | C9: =SUMIFS(raw_sales_dataset_.csv!F:F, raw_sales_dataset_.csv!A:A, ">="&A9, raw_sales_dataset_.csv!A:A, "<="&A9+6) -> 20390 | D9: =SUMIFS(raw_sales_dataset_.csv!F:F, raw_sales_dataset_.csv!A:A, ">="&DATE(2026,8,8), raw_sales_dataset_.csv!A:A, "<="&DATE(2026,8,31)) -> 40780
A10: 46243 | B10: =SUMIFS(raw_sales_dataset_.csv!F:F, raw_sales_dataset_.csv!A:A, A10) -> 3950 | C10: =SUMIFS(raw_sales_dataset_.csv!F:F, raw_sales_dataset_.csv!A:A, ">="&A10, raw_sales_dataset_.csv!A:A, "<="&A10+6) -> 20340 | D10: =SUMIFS(raw_sales_dataset_.csv!F:F, raw_sales_dataset_.csv!A:A, ">="&DATE(2026,8,9), raw_sales_dataset_.csv!A:A, "<="&DATE(2026,8,31)) -> 38570
A11: 46244 | B11: =SUMIFS(raw_sales_dataset_.csv!F:F, raw_sales_dataset_.csv!A:A, A11) -> 3450 | C11: =SUMIFS(raw_sales_dataset_.csv!F:F, raw_sales_dataset_.csv!A:A, ">="&A11, raw_sales_dataset_.csv!A:A, "<="&A11+6) -> 19740 | D11: =SUMIFS(raw_sales_dataset_.csv!F:F, raw_sales_dataset_.csv!A:A, ">="&DATE(2026,8,10), raw_sales_dataset_.csv!A:A, "<="&DATE(2026,8,31)) -> 34620
A12: 46245 | B12: =SUMIFS(raw_sales_dataset_.csv!F:F, raw_sales_dataset_.csv!A:A, A12) -> 1310 | C12: =SUMIFS(raw_sales_dataset_.csv!F:F, raw_sales_dataset_.csv!A:A, ">="&A12, raw_sales_dataset_.csv!A:A, "<="&A12+6) -> 22440 | D12: =SUMIFS(raw_sales_dataset_.csv!F:F, raw_sales_dataset_.csv!A:A, ">="&DATE(2026,8,11), raw_sales_dataset_.csv!A:A, "<="&DATE(2026,8,31)) -> 31170
A13: 46246 | B13: =SUMIFS(raw_sales_dataset_.csv!F:F, raw_sales_dataset_.csv!A:A, A13) -> 4440 | C13: =SUMIFS(raw_sales_dataset_.csv!F:F, raw_sales_dataset_.csv!A:A, ">="&A13, raw_sales_dataset_.csv!A:A, "<="&A13+6) -> 22700 | D13: =SUMIFS(raw_sales_dataset_.csv!F:F, raw_sales_dataset_.csv!A:A, ">="&DATE(2026,8,12), raw_sales_dataset_.csv!A:A, "<="&DATE(2026,8,31)) -> 29860
A14: 46247 | B14: =SUMIFS(raw_sales_dataset_.csv!F:F, raw_sales_dataset_.csv!A:A, A14) -> 3550 | C14: =SUMIFS(raw_sales_dataset_.csv!F:F, raw_sales_dataset_.csv!A:A, ">="&A14, raw_sales_dataset_.csv!A:A, "<="&A14+6) -> 19920 | D14: =SUMIFS(raw_sales_dataset_.csv!F:F, raw_sales_dataset_.csv!A:A, ">="&DATE(2026,8,13), raw_sales_dataset_.csv!A:A, "<="&DATE(2026,8,31)) -> 25420
A15: 46248 | B15: =SUMIFS(raw_sales_dataset_.csv!F:F, raw_sales_dataset_.csv!A:A, A15) -> 1480 | C15: =SUMIFS(raw_sales_dataset_.csv!F:F, raw_sales_dataset_.csv!A:A, ">="&A15, raw_sales_dataset_.csv!A:A, "<="&A15+6) -> 19070 | D15: =SUMIFS(raw_sales_dataset_.csv!F:F, raw_sales_dataset_.csv!A:A, ">="&DATE(2026,8,14), raw_sales_dataset_.csv!A:A, "<="&DATE(2026,8,31)) -> 21870
A16: 46249 | B16: =SUMIFS(raw_sales_dataset_.csv!F:F, raw_sales_dataset_.csv!A:A, A16) -> 2160 | C16: =SUMIFS(raw_sales_dataset_.csv!F:F, raw_sales_dataset_.csv!A:A, ">="&A16, raw_sales_dataset_.csv!A:A, "<="&A16+6) -> 20390 | D16: =SUMIFS(raw_sales_dataset_.csv!F:F, raw_sales_dataset_.csv!A:A, ">="&DATE(2026,8,15), raw_sales_dataset_.csv!A:A, "<="&DATE(2026,8,31)) -> 20390
A17: 46250 | B17: =SUMIFS(raw_sales_dataset_.csv!F:F, raw_sales_dataset_.csv!A:A, A17) -> 3350 | C17: =SUMIFS(raw_sales_dataset_.csv!F:F, raw_sales_dataset_.csv!A:A, ">="&A17, raw_sales_dataset_.csv!A:A, "<="&A17+6) -> 18230 | D17: =SUMIFS(raw_sales_dataset_.csv!F:F, raw_sales_dataset_.csv!A:A, ">="&DATE(2026,8,16), raw_sales_dataset_.csv!A:A, "<="&DATE(2026,8,31)) -> 18230
A18: 46251 | B18: =SUMIFS(raw_sales_dataset_.csv!F:F, raw_sales_dataset_.csv!A:A, A18) -> 6150 | C18: =SUMIFS(raw_sales_dataset_.csv!F:F, raw_sales_dataset_.csv!A:A, ">="&A18, raw_sales_dataset_.csv!A:A, "<="&A18+6) -> 14880 | D18: =SUMIFS(raw_sales_dataset_.csv!F:F, raw_sales_dataset_.csv!A:A, ">="&DATE(2026,8,17), raw_sales_dataset_.csv!A:A, "<="&DATE(2026,8,31)) -> 14880
A19: 46252 | B19: =SUMIFS(raw_sales_dataset_.csv!F:F, raw_sales_dataset_.csv!A:A, A19) -> 1570 | C19: =SUMIFS(raw_sales_dataset_.csv!F:F, raw_sales_dataset_.csv!A:A, ">="&A19, raw_sales_dataset_.csv!A:A, "<="&A19+6) -> 8730 | D19: =SUMIFS(raw_sales_dataset_.csv!F:F, raw_sales_dataset_.csv!A:A, ">="&DATE(2026,8,18), raw_sales_dataset_.csv!A:A, "<="&DATE(2026,8,31)) -> 8730
A20: 46253 | B20: =SUMIFS(raw_sales_dataset_.csv!F:F, raw_sales_dataset_.csv!A:A, A20) -> 1660 | C20: =SUMIFS(raw_sales_dataset_.csv!F:F, raw_sales_dataset_.csv!A:A, ">="&A20, raw_sales_dataset_.csv!A:A, "<="&A20+6) -> 7160 | D20: =SUMIFS(raw_sales_dataset_.csv!F:F, raw_sales_dataset_.csv!A:A, ">="&DATE(2026,8,19), raw_sales_dataset_.csv!A:A, "<="&DATE(2026,8,31)) -> 7160
A21: 46254 | B21: =SUMIFS(raw_sales_dataset_.csv!F:F, raw_sales_dataset_.csv!A:A, A21) -> 2700 | C21: =SUMIFS(raw_sales_dataset_.csv!F:F, raw_sales_dataset_.csv!A:A, ">="&A21, raw_sales_dataset_.csv!A:A, "<="&A21+6) -> 5500 | D21: =SUMIFS(raw_sales_dataset_.csv!F:F, raw_sales_dataset_.csv!A:A, ">="&DATE(2026,8,20), raw_sales_dataset_.csv!A:A, "<="&DATE(2026,8,31)) -> 5500
A22: 46255 | B22: =SUMIFS(raw_sales_dataset_.csv!F:F, raw_sales_dataset_.csv!A:A, A22) -> 2800 | C22: =SUMIFS(raw_sales_dataset_.csv!F:F, raw_sales_dataset_.csv!A:A, ">="&A22, raw_sales_dataset_.csv!A:A, "<="&A22+6) -> 2800 | D22: =SUMIFS(raw_sales_dataset_.csv!F:F, raw_sales_dataset_.csv!A:A, ">="&DATE(2026,8,21), raw_sales_dataset_.csv!A:A, "<="&DATE(2026,8,31)) -> 2800
